Fruit Name,Information
Kiwi,"The kiwi, also known as the Chinese gooseberry, is a small, oval-shaped fruit with brown, fuzzy skin and vibrant green flesh. It is rich in Vitamin C and fiber, which boost the immune system, aid digestion, and support skin health. The kiwi has a sweet-tart flavor and is often eaten raw, blended into smoothies, or used in fruit salads. Some of the key health benefits of kiwi include supporting a healthy gut, reducing the risk of heart disease, lowering blood pressure, and increasing energy intake. Additionally, kiwi is known to improve digestion, fight inflammation, and provide a refreshing, nutritious snack. It also contains antioxidants that may help reduce oxidative stress."
Apple,"Apples are one of the most popular fruits globally, available in a variety of colors like red, green, and yellow. They are a rich source of fiber, Vitamin C, and antioxidants, helping with digestion, boosting immunity, and reducing the risk of chronic diseases like heart disease and cancer. Apples are versatile, commonly eaten raw, baked into pies, or juiced. The antioxidants in apples also support healthy skin and may help with weight management. Apples are often used in both sweet and savory dishes, including salads and sauces."
Banana,"Bananas are long, curved fruits with a yellow peel and soft, sweet flesh. They are high in potassium, Vitamin B6, and fiber, providing quick energy and supporting heart health. Bananas are commonly eaten raw, used in smoothies, baked goods, or as a topping for cereals. The high potassium content in bananas helps maintain normal blood pressure levels, while their Vitamin B6 content supports brain health and metabolism. They are also great for digestion due to their fiber content, especially the soluble fiber called pectin."
Orange,"Oranges are round, citrus fruits with a thick peel and juicy, tangy-sweet flesh. Known for their high Vitamin C content, they support immune function, skin health, and collagen production. Oranges are eaten fresh, juiced, or used in desserts and salads. Their bright flavor makes them a popular choice for snacking. Oranges also contain flavonoids, which have anti-inflammatory properties and may help protect against heart disease. They are rich in antioxidants that may help protect cells from damage and aging."
Mango,"Mangoes are tropical, stone fruits with a juicy, sweet flesh and a large central pit. Rich in Vitamin A, Vitamin C, and antioxidants, mangoes promote healthy skin, improve digestion, and boost immunity. They are often eaten raw, blended into smoothies, or used in savory dishes like salsas. Mangoes contain beta-carotene, which is essential for vision and skin health. Additionally, mangoes have enzymes like amylase that aid in digestion, particularly the breakdown of carbohydrates."
Strawberry,"Strawberries are small, red berries with a sweet, juicy taste. Packed with Vitamin C, manganese, and antioxidants, they support heart health, improve skin, and fight inflammation. Strawberries are delicious eaten fresh, used in desserts, or blended into smoothies and jams. The antioxidants in strawberries, particularly anthocyanins, may help lower the risk of chronic diseases like heart disease. Strawberries also contain folate, which supports cell function and reduces the risk of birth defects."
Pineapple,"Pineapples are tropical fruits with a tough, spiky skin and sweet, tangy flesh. They are an excellent source of Vitamin C, manganese, and bromelain, which has anti-inflammatory properties. Pineapples are typically eaten fresh, juiced, or used in cooking for both sweet and savory dishes. Bromelain, an enzyme found in pineapples, is known for its ability to reduce inflammation and support digestion by breaking down proteins. Pineapples also have a high water content, which helps with hydration and skin health."
Pear,"Pears are sweet, round fruits with smooth skin and a firm texture. Rich in fiber, Vitamin C, and antioxidants, pears support digestion, heart health, and immune function. Pears are eaten raw, baked into desserts, or added to salads for a refreshing crunch. Pears contain both soluble and insoluble fiber, which supports digestive health and helps regulate blood sugar levels. They also have a low glycemic index, making them a good choice for those managing blood sugar."
Watermelon,"Watermelons are large, hydrating fruits with a thick, green rind and sweet, red flesh full of water. High in Vitamins A and C, watermelons help with skin health and hydration. They are commonly eaten fresh, used in juices, or added to fruit salads for a refreshing snack. Watermelons contain lycopene, an antioxidant that may reduce the risk of certain cancers, and citrulline, which has been shown to help with blood flow and exercise performance. Their high water content also supports hydration and kidney health."
Grapes,"Grapes are small, round fruits that come in various colors, including red, green, and purple. Rich in antioxidants, particularly resveratrol, grapes are beneficial for heart health, improving circulation, and reducing inflammation. They are eaten fresh, dried into raisins, or used to make wine and juices. Grapes have a high water content and are a great source of vitamins like Vitamin C and Vitamin K, which support the immune system and bone health. They are also a natural source of sugar, providing a quick energy boost."
